CREATE DATABASE SwiftMotors;

USE SwiftMotors;


CREATE TABLE Suppliers (
    SupplierID INT PRIMARY KEY,
    Name VARCHAR(255),
    ContactInfo VARCHAR(255)
);

CREATE TABLE Customers (
    CustomerID INT PRIMARY KEY,
    FirstName VARCHAR(50),
    LastName VARCHAR(50),
    Email VARCHAR(255),
    Phone VARCHAR(20),
    CustomerType VARCHAR(50)
);

CREATE TABLE Employees (
    EmployeeID INT PRIMARY KEY,
    FirstName VARCHAR(50),
    LastName VARCHAR(50),
    Position VARCHAR(50),
    ContactInfo VARCHAR(255)
);

CREATE TABLE Branches (
    BranchID INT PRIMARY KEY,
    Location VARCHAR(255),
    Address VARCHAR(255),
    ContactInfo VARCHAR(255),
    ManagerID INT,
    FOREIGN KEY (ManagerID) REFERENCES Employees(EmployeeID)
);

CREATE TABLE Vehicles (
    VehicleID INT PRIMARY KEY,
    Make VARCHAR(255),
    Model VARCHAR(255),
    Year INT,
    Price DECIMAL(10, 2),
    Color VARCHAR(50),
    Mileage INT,
    VIN VARCHAR(17),
    Category VARCHAR(50),
    EngineCapacity INT,
    Transmission VARCHAR(50),
    BranchID INT,
    FOREIGN KEY (BranchID) REFERENCES Branches(BranchID)
);

CREATE TABLE Inventory (
    InventoryID INT PRIMARY KEY,
    BranchID INT,
    VehicleID INT,
    Quantity INT,
    DateReceived DATE,
    Notes VARCHAR(255),
    SupplierID INT,
    FOREIGN KEY (BranchID) REFERENCES Branches(BranchID),
    FOREIGN KEY (VehicleID) REFERENCES Vehicles(VehicleID),
    FOREIGN KEY (SupplierID) REFERENCES Suppliers(SupplierID)
);



CREATE TABLE Sales (
    SaleID INT PRIMARY KEY,
    VehicleID INT,
    CustomerID INT,
    EmployeeID INT,
    SaleDate DATE,
    SalePrice DECIMAL(10, 2),
    FOREIGN KEY (VehicleID) REFERENCES Vehicles(VehicleID),
    FOREIGN KEY (CustomerID) REFERENCES Customers(CustomerID),
    FOREIGN KEY (EmployeeID) REFERENCES Employees(EmployeeID)
);

CREATE TABLE Insurance (
    InsuranceID INT PRIMARY KEY,
    PolicyNumber VARCHAR(50),
    VehicleID INT,
    InsuranceCompany VARCHAR(255),
    CoverageDetails VARCHAR(255),
    ExpirationDate DATE,
    FOREIGN KEY (VehicleID) REFERENCES Vehicles(VehicleID)
);

CREATE TABLE Leasing (
    LeaseID INT PRIMARY KEY,
    LeaseNumber VARCHAR(50),
    VehicleID INT,
    LesseeName VARCHAR(255),
    LeaseStartDate DATE,
    LeaseEndDate DATE,
    MonthlyPayment DECIMAL(10, 2),
    FOREIGN KEY (VehicleID) REFERENCES Vehicles(VehicleID)
);

INSERT INTO Suppliers (SupplierID, Name, ContactInfo)
VALUES
    (1, 'JV-Imports', 'manager@jvimports.com'),
    (2, 'JP-Auction', 'manager@japanauction.com'),
    (3, 'JH Motors', 'info@jhmotors.com'),
    (4, 'JG Auto Parts', 'sales@jgautoparts.com'),
    (5, 'JS Motors', 'contact@jsmotors.com'),
    (6, 'JK Vehicles', 'support@jkvehicles.com'),
    (7, 'JM Auto Group', 'info@jmautogroup.com'),
    (8, 'JF Motorsports', 'sales@jfmotorsports.com'),
    (9, 'JL Car Imports', 'info@jlcarimports.com'),
    (10, 'JZ Auto Accessories', 'contact@jzautoaccessories.com'),
    (11, 'JD Motors', 'sales@jdmotors.com'),
    (12, 'JW Automotive', 'support@jwautomotive.com'),
    (13, 'JY Imports', 'info@jyimports.com'),
    (14, 'JR Motors', 'sales@jrmotors.com'),
    (15, 'JC Auto Parts', 'contact@jcautoparts.com'),
    (16, 'JN Car Sales', 'info@jncarsales.com'),
    (17, 'JO Motors', 'sales@jomotors.com'),
    (18, 'JQ Auto Solutions', 'support@jqautosolutions.com'),
    (19, 'JX Motors', 'info@jxmotors.com'),
    (20, 'JL Automotive Auctions', 'sales@jlauctions.com'),
    (21, 'JZ Auto Imports', 'contact@jzautoimports.com'),
    (22, 'JT Auto Parts', 'info@jtautoparts.com'),
    (23, 'JU Motors', 'sales@jumotors.com'),
    (24, 'JF Car Accessories', 'contact@jfcaraccessories.com'),
    (25, 'JL Auto Group', 'info@jlautogroup.com'),
    (26, 'JZ Car Parts', 'sales@jzcarparts.com'),
    (27, 'JW Motorsports', 'contact@jwmotorsports.com'),
    (28, 'JQ Vehicles', 'info@jqvehicles.com'),
    (29, 'JN Auto Imports', 'sales@jnautoimports.com'),
    (30, 'JX Car Sales', 'contact@jxcarsales.com'),
    (31, 'JY Auto Parts', 'info@jyautoparts.com'),
    (32, 'JB Motors', 'info@jbmotors.com'),
    (33, 'JQ Auto Parts', 'sales@jqautoparts.com'),
    (34, 'JS Auto Imports', 'info@jsautoimports.com'),
    (35, 'JY Car Sales', 'contact@jycarsales.com'),
    (36, 'JK Auto Solutions', 'info@jkautosolutions.com'),
    (37, 'JF Car Imports', 'sales@jfcarimports.com'),
    (38, 'JL Motors', 'info@jlmotors.com'),
    (39, 'JM Auto Parts', 'contact@jmautoparts.com'),
    (40, 'JZ Automotive Auctions', 'sales@jzauctions.com'),
    (41, 'JR Car Accessories', 'info@jrautoaccessories.com'),
    (42, 'JW Auto Group', 'contact@jwautogroup.com'),
    (43, 'JN Motorsports', 'info@jnmotorsports.com'),
    (44, 'JO Auto Imports', 'sales@joautoimports.com'),
    (45, 'JX Car Sales', 'contact@jxcarsales.com'),
    (46, 'JL Auto Accessories', 'info@jlautoaccessories.com'),
    (47, 'JZ Motors', 'sales@jzmotors.com'),
    (48, 'JY Auto Solutions', 'contact@jyautosolutions.com'),
    (49, 'JK Automotive Auctions', 'info@jkauctions.com'),
    (50, 'JF Car Parts', 'sales@jfcarparts.com');

 
INSERT INTO Customers (CustomerID, FirstName, LastName, Email, Phone, CustomerType)
VALUES
    (1, 'Mughal', 'Zia', 'Mughal@example.com', '123-456-7890', 'Buyer'),
    (2, 'Kashif', 'Hassan', 'Kashif@example.com', '987-654-3210', 'Seller'),
    (3, 'Ali', 'Khan', 'Ali@example.com', '456-789-0123', 'Buyer'),
    (4, 'Sana', 'Ahmed', 'Sana@example.com', '789-012-3456', 'Seller'),
    (5, 'Ahmed', 'Raza', 'Ahmed@example.com', '012-345-6789', 'Buyer'),
    (6, 'Fatima', 'Malik', 'Fatima@example.com', '234-567-8901', 'Seller'),
    (7, 'Aamir', 'Iqbal', 'Aamir@example.com', '567-890-1234', 'Buyer'),
    (8, 'Hina', 'Khalid', 'Hina@example.com', '890-123-4567', 'Seller'),
    (9, 'Usman', 'Khan', 'Usman@example.com', '345-678-9012', 'Buyer'),
    (10, 'Sadia', 'Ali', 'Sadia@example.com', '678-901-2345', 'Seller'),
    (11, 'Zainab', 'Akram', 'Zainab@example.com', '901-234-5678', 'Buyer'),
    (12, 'Bilal', 'Aslam', 'Bilal@example.com', '123-456-7890', 'Seller'),
    (13, 'Ayesha', 'Rafique', 'Ayesha@example.com', '987-654-3210', 'Buyer'),
    (14, 'Saad', 'Hussain', 'Saad@example.com', '234-567-8901', 'Seller'),
    (15, 'Farhan', 'Nadeem', 'Farhan@example.com', '567-890-1234', 'Buyer'),
    (16, 'Amina', 'Khan', 'Amina@example.com', '890-123-4567', 'Seller'),
    (17, 'Tahir', 'Malik', 'Tahir@example.com', '345-678-9012', 'Buyer'),
    (18, 'Nida', 'Imran', 'Nida@example.com', '678-901-2345', 'Seller'),
    (19, 'Amir', 'Akram', 'Amir@example.com', '901-234-5678', 'Buyer'),
    (20, 'Rabia', 'Ali', 'Rabia@example.com', '123-456-7890', 'Seller'),
    (21, 'Haris', 'Rafique', 'Haris@example.com', '987-654-3210', 'Buyer'),
    (22, 'Sara', 'Hussain', 'Sara@example.com', '234-567-8901', 'Seller'),
    (23, 'Aisha', 'Nadeem', 'Aisha@example.com', '567-890-1234', 'Buyer'),
    (24, 'Ali', 'Ahmed', 'Ali@example.com', '890-123-4567', 'Seller'),
    (25, 'Asma', 'Malik', 'Asma@example.com', '345-678-9012', 'Buyer'),
    (26, 'Zaid', 'Imran', 'Zaid@example.com', '678-901-2345', 'Seller'),
    (27, 'Rida', 'Akram', 'Rida@example.com', '901-234-5678', 'Buyer'),
    (28, 'Kamran', 'Ali', 'Kamran@example.com', '123-456-7890', 'Seller'),
    (29, 'Maha', 'Rafique', 'Maha@example.com', '987-654-3210', 'Buyer'),
    (30, 'Hamza', 'Hussain', 'Hamza@example.com', '234-567-8901', 'Seller'),
    (31, 'Zara', 'Ali', 'zara@example.com', '345-123-4567', 'Buyer'),
    (32, 'Ahmed', 'Khalid', 'ahmed@example.com', '678-234-5678', 'Seller'),
    (33, 'Saba', 'Khan', 'saba@example.com', '901-345-6789', 'Buyer'),
    (34, 'Saad', 'Malik', 'saad@example.com', '234-456-7890', 'Seller'),
    (35, 'Nimra', 'Ahmed', 'nimra@example.com', '567-567-8901', 'Buyer'),
    (36, 'Amna', 'Raza', 'amna@example.com', '890-678-9012', 'Seller'),
    (37, 'Hassan', 'Ali', 'hassan@example.com', '123-789-0123', 'Buyer'),
    (38, 'Ayesha', 'Hussain', 'ayesha@example.com', '456-890-1234', 'Seller'),
    (39, 'Faisal', 'Khan', 'faisal@example.com', '789-901-2345', 'Buyer'),
    (40, 'Maria', 'Rafique', 'maria@example.com', '012-234-3456', 'Seller'),
    (41, 'Bilal', 'Malik', 'bilal@example.com', '345-567-4567', 'Buyer'),
    (42, 'Zoya', 'Ahmed', 'zoya@example.com', '678-678-5678', 'Seller'),
    (43, 'Sohaib', 'Ali', 'sohaib@example.com', '901-789-6789', 'Buyer'),
    (44, 'Sadia', 'Khan', 'sadia@example.com', '234-890-7890', 'Seller'),
    (45, 'Amina', 'Raza', 'amina@example.com', '567-901-8901', 'Buyer'),
    (46, 'Talha', 'Ahmed', 'talha@example.com', '890-012-9012', 'Seller'),
    (47, 'Nida', 'Hussain', 'nida@example.com', '123-123-0123', 'Buyer'),
    (48, 'Omar', 'Khan', 'omar@example.com', '456-234-1234', 'Seller'),
    (49, 'Hira', 'Malik', 'hira@example.com', '789-345-2345', 'Buyer'),
    (50, 'Ali', 'Rafique', 'ali@example.com', '012-456-3456', 'Seller');


INSERT INTO Employees (EmployeeID, FirstName, LastName, Position, ContactInfo)
VALUES
    (101, 'Hassan', 'Mustafa', 'Manager', 'Hassan@swiftmotors.com'),
    (102, 'Ramsha', 'Fatima', 'Salesperson', 'Ramsha@swiftmotors.com'),
    (103, 'Zoraiz', 'Kashif', 'Salesperson', 'Zoraiz@swiftmotors.com'),
	(104, 'Alisha', 'Farooq', 'Salesperson', 'Alisha@swiftmotors.com'),
    (105, 'Ayesha', 'Aslam', 'Manager', 'Ayesha@swiftmotors.com'),
    (106, 'Noor', 'Zia', 'Salesperson', 'Noor@swiftmotors.com'),
    (107, 'Habiba', 'Bhatti', 'Manager', 'Habiba@swiftmotors.com'),
	(108, 'Mustafa', 'Amir', 'Salesperson', 'Mustafa@swiftmotors.com'),
	(109, 'Ibrahim', 'Mughal', 'Manager', 'Ibrahim@swiftmotors.com'),
 	(110, 'Arman', 'Ali', 'Salesperson', 'Arman@swiftmotors.com'),   
	(111, 'Fahad', 'Waqar', 'Manager', 'Fahad@swiftmotors.com'),
    (112, 'Sana', 'Khan', 'Salesperson', 'Sana@swiftmotors.com'),
    (113, 'Usman', 'Ali', 'Manager', 'Usman@swiftmotors.com'),
    (114, 'Sadia', 'Ahmed', 'Salesperson', 'Sadia@swiftmotors.com'),
    (115, 'Ahmed', 'Hassan', 'Salesperson', 'Ahmed@swiftmotors.com'),
    (116, 'Amina', 'Malik', 'Manager', 'Amina@swiftmotors.com'),
    (117, 'Khalid', 'Raza', 'Salesperson', 'Khalid@swiftmotors.com'),
    (118, 'Nida', 'Khan', 'Manager', 'Nida@swiftmotors.com'),
    (119, 'Rabia', 'Fatima', 'Salesperson', 'Rabia@swiftmotors.com'),
    (120, 'Zainab', 'Akram', 'Manager', 'Zainab@swiftmotors.com'),
    (121, 'Haris', 'Aslam', 'Salesperson', 'Haris@swiftmotors.com'),
    (122, 'Ali', 'Bhatti', 'Salesperson', 'Ali@swiftmotors.com'),
    (123, 'Hina', 'Rafique', 'Manager', 'Hina@swiftmotors.com'),
    (124, 'Farhan', 'Khalid', 'Salesperson', 'Farhan@swiftmotors.com'),
    (125, 'Sara', 'Iqbal', 'Manager', 'Sara@swiftmotors.com'),
    (126, 'Amir', 'Javed', 'Salesperson', 'Amir@swiftmotors.com'),
    (127, 'Ayesha', 'Nadeem', 'Manager', 'AyeshaN@swiftmotors.com'),
    (128, 'Tahir', 'Malik', 'Salesperson', 'Tahir@swiftmotors.com'),
    (129, 'Sadia', 'Farooq', 'Manager', 'SadiaF@swiftmotors.com'),
    (130, 'Zubair', 'Haider', 'Salesperson', 'Zubair@swiftmotors.com'),
    (131, 'Hira', 'Khan', 'Manager', 'Hira@swiftmotors.com'),
    (132, 'Ali', 'Khalid', 'Salesperson', 'ali@example.com'),
    (133, 'Saba', 'Ahmed', 'Manager', 'saba@example.com'),
    (134, 'Saad', 'Raza', 'Salesperson', 'saad@example.com'),
    (135, 'Nimra', 'Ali', 'Manager', 'nimra@example.com'),
    (136, 'Amna', 'Khan', 'Salesperson', 'amna@example.com'),
    (137, 'Hassan', 'Malik', 'Manager', 'hassan@example.com'),
    (138, 'Ayesha', 'Ahmed', 'Salesperson', 'ayesha@example.com'),
    (139, 'Faisal', 'Raza', 'Manager', 'faisal@example.com'),
    (140, 'Maria', 'Khan', 'Salesperson', 'maria@example.com'),
    (141, 'Bilal', 'Ahmed', 'Manager', 'bilal@example.com'),
    (142, 'Zoya', 'Raza', 'Salesperson', 'zoya@example.com'),
    (143, 'Sohaib', 'Ali', 'Manager', 'sohaib@example.com'),
    (144, 'Sadia', 'Khan', 'Salesperson', 'sadia@example.com'),
    (145, 'Amina', 'Ahmed', 'Manager', 'amina@example.com'),
    (146, 'Talha', 'Raza', 'Salesperson', 'talha@example.com'),
    (147, 'Nida', 'Ali', 'Manager', 'nida@example.com'),
    (148, 'Omar', 'Khan', 'Salesperson', 'omar@example.com'),
    (149, 'Hira', 'Ahmed', 'Manager', 'hira@example.com'),
    (150, 'Ali', 'Raza', 'Salesperson', 'ali.raza@example.com'),
    (151, 'Saba', 'Khan', 'Manager', 'saba.khan@example.com');



INSERT INTO Branches (BranchID, Location, Address, ContactInfo, ManagerID)
VALUES
    (1, 'Karachi', 'Jauhar Road', '123-456-7890', 101),
    (2, 'Lahore', 'Model Town', '987-654-3210', 105),
    (3, 'Islamabad', '9th Avenue', '111-222-3333', 107),
    (4, 'Multan', 'Multan Road', '111-777-3333', 109),
	(5, 'Peshawar', 'Ring Road', '221-777-3333', 111),
    (6, 'Quetta', 'Jinnah Road', '321-654-9870', 113),
    (7, 'Faisalabad', 'Gulberg', '789-456-1230', 116),
    (8, 'Rawalpindi', 'Saddar', '222-333-4444', 119),
    (9, 'Gujranwala', 'GT Road', '333-444-5555', 122),
    (10, 'Sialkot', 'Cantt', '555-666-7777', 125),
    (11, 'Hyderabad', 'Autobahn Road', '666-777-8888', 128),
    (12, 'Bahawalpur', 'Model Town', '777-888-9999', 131),
    (13, 'Sargodha', 'City Center', '888-999-0000', 112),
    (14, 'Sukkur', 'River Road', '999-000-1111', 115),
    (15, 'Mirpur Khas', 'Gulshan', '000-111-2222', 118),
    (16, 'Larkana', 'Main Road', '111-222-3333', 114),  
    (17, 'Muzaffarabad', 'City Center', '222-333-4444', 117),  
    (18, 'Abbottabad', 'Cantt', '333-444-5555', 120),  
    (19, 'Gwadar', 'Coastal Highway', '444-555-6666', 123),  
    (20, 'Kohat', 'Karakoram Highway', '555-666-7777', 126),  
    (21, 'Chaman', 'Border Road', '666-777-8888', 129),   
    (22, 'Jhelum', 'Civil Lines', '777-888-9999', 132),  
    (23, 'Chitral', 'Airport Road', '888-999-0000', 133),  
    (24, 'Dera Ismail Khan', 'GT Road', '999-000-1111', 134),  
    (25, 'Bannu', 'Bannu Road', '000-111-2222', 135),
    (26, 'Khanewal', 'Gulberg', '111-222-3333', 136),
    (27, 'Sheikhupura', 'Model Town', '222-333-4444', 139),
    (28, 'Jhang', 'Cantt', '333-444-5555', 142),
    (29, 'Okara', 'Circular Road', '444-555-6666', 145),
    (30, 'Khushab', 'Main Bazar', '555-666-7777', 148),
    (31, 'Mianwali', 'Saddar', '666-777-8888', 151),
    (32, 'Vehari', 'Railway Road', '777-888-9999', 102),
    (33, 'Toba Tek Singh', 'Gulgasht', '888-999-0000', 104),
    (34, 'Kasur', 'Ferozepur Road', '999-000-1111', 107),
    (35, 'Narowal', 'GT Road', '000-111-2222', 110),
    (36, 'Attock', 'Baba Fareed Chowk', '111-222-3333', 113),
    (37, 'Mandi Bahauddin', 'Main Market', '222-333-4444', 116),
    (38, 'Chakwal', 'Civil Lines', '333-444-5555', 119),
    (39, 'Jhelum', 'Sarwar Road', '444-555-6666', 122),
    (40, 'Hafizabad', 'Circular Road', '555-666-7777', 125),
    (41, 'Bhakkar', 'Station Road', '666-777-8888', 128),
    (42, 'Lodhran', 'Multan Road', '777-888-9999', 131),
    (43, 'Khanpur', 'Mall Road', '888-999-0000', 134),
    (44, 'Ahmedpur East', 'Main Bazar', '999-000-1111', 137),
    (45, 'Daska', 'Sialkot Road', '000-111-2222', 140),
    (46, 'Pindi Bhattian', 'G.T. Road', '111-222-3333', 143),
    (47, 'Burewala', 'Vehari Road', '222-333-4444', 146),
    (48, 'Wazirabad', 'G.T. Road', '333-444-5555', 149),
    (49, 'Muridke', 'Shahdara Road', '444-555-6666', 151),
    (50, 'Shakargarh', 'Sialkot Road', '555-666-7777', 101);


INSERT INTO Vehicles (VehicleID, Make, Model, Year, Price, Color, Mileage, VIN, Category, EngineCapacity, Transmission, BranchID)
VALUES 
(1, 'Toyota', 'Camry', 2020, 25000.00, 'Blue', 15000, 'WAUZZZ8V8KA091321', 'Sedan', 2500, 'Automatic', 1),
(2, 'Honda', 'Civic', 2019, 22000.00, 'Red', 20000, 'JHMES1F65KG836765', 'Compact', 1500, 'Manual', 1),
(3, 'Ford', 'F-150', 2021, 40000.00, 'White', 5000, '1FT8W2DW3KFC32167', 'Pickup Truck', 5000, 'Automatic', 2),
(4, 'Toyota', 'Fortuner', 2020, 38000.00, 'Black', 10000, '1GCGCEDF3KA012345', 'SUV', 6000, 'Automatic', 2),
(5, 'Nissan', 'Leaf', 2018, 18000.00, 'Silver', 30000, '5Y1BL3F85KA123456', 'Hatchback', 2000, 'Continuously Variable', 3),
(6, 'Hyundai', 'Elantra', 2021, 23000.00, 'Gray', 8000, 'KMHNV2A35KG856789', 'Sedan', 2000, 'Automatic', 3),
(7, 'Kia', 'Sportage', 2019, 28000.00, 'Blue', 18000, 'WAUZZZ8V7MA012345', 'Crossover-SUV', 2000, 'Continuously Variable', 5),
(8, 'Jeep', 'Wrangler', 2020, 36000.00, 'Orange', 12000, '1C4BJWEG9KA123456', 'SUV', 3900, 'Manual', 2),
(9, 'Toyota', 'Hilux-Revo', 2021, 45000.00, 'Blue', 4000, '1FT6W2DW9KF856789', 'Pickup Truck', 2700, 'Automatic', 3),
(10, 'Toyota', 'Yaris', 2018, 16000.00, 'White', 40000, 'WAUZZZ8V9MA012345', 'Sedan', 1400, 'Manual', 1),
(11, 'Mazda', 'RX-8', 2004, 27000.00, 'Black', 25000, 'JM1BL3F80KG856789', 'Coupe', 1300, 'Automatic', 2),
(12, 'BMW', '3 Series', 2020, 35000.00, 'Red', 15000, 'WBA3N1C52KFD32167', 'Sedan', 2500, 'Automatic', 3),
(13, 'Audi', 'A6', 2021, 42000.00, 'Silver', 7000, 'WBA3N2DF3KFD32172','Sedan', 1500, 'Continuously Variable', 3),
(14, 'Tesla', 'Model 3', 2022, 45000, 'Red', 5000, 'WAUZZZ8V5KA083726', 'Sedan', 2500, 'Automatic', 1),
       (15, 'Honda', 'Civic', 2021, 22000, 'Blue', 10000, 'JHMES1F66KA028266', 'Sedan', 1500, 'Manual', 4),
       (16, 'Ford', 'Mustang', 2022, 60000, 'Black', 8000, '1FMPU8D8XKA123457', 'Coupe', 3000, 'Manual', 5),
       (17, 'Chevrolet', 'Corvette', 2022, 80000, 'White', 3000, '3GKALCEV9KA098766', 'Coupe', 6200, 'Automatic', 3),
       (18, 'Audi', 'A4', 2022, 40000, 'Silver', 7000, 'WAUGF78K8KA098766', 'Sedan', 2000, 'Automatic', 4),
       (19, 'BMW', '3 Series', 2022, 50000, 'Gray', 9000, 'WBA3N1C52KA098766', 'Sedan', 2500, 'Automatic', 4),
       (20, 'Mercedes-Benz', 'C-Class', 2022, 60000, 'Black', 10000, 'WDDGF8EB2KA098766', 'Sedan', 2000, 'Automatic', 4),
       (21, 'Lexus', 'IS', 2022, 45000, 'Blue', 6000, '5Y1BR1F83KA032109', 'Sedan', 2500, 'Automatic', 5),
       (22, 'Volvo', 'S60', 2022, 40000, 'Green', 8000, 'JF1CJRE89KA098766', 'Sedan', 2000, 'Automatic', 3),
       (23, 'Jaguar', 'XE', 2022, 50000, 'Orange', 5000, 'WA1CJRE89KA098765', 'Sedan', 2500, 'Automatic', 5),
(24, 'Toyota', 'Corolla', 2020, 20000.00, 'Silver', 30000, '2T1BURHE2KC196819', 'Sedan', 1800, 'Automatic', 6),
(25, 'Honda', 'Accord', 2019, 24000.00, 'White', 25000, '1HGCV1F30KA123456', 'Sedan', 2000, 'Automatic', 7),
(26, 'Ford', 'Escape', 2020, 28000.00, 'Black', 15000, '1FMCU9HD0KUC43210', 'SUV', 2500, 'Automatic', 8),
(27, 'Nissan', 'Sentra', 2021, 22000.00, 'Red', 10000, '3N1CB51D61L000000', 'Sedan', 2000, 'Automatic', 9),
(28, 'Hyundai', 'Santa Fe', 2019, 30000.00, 'Gray', 20000, '5XYZU3LB9GG318514', 'SUV', 2700, 'Automatic', 10),
(29, 'Kia', 'Rio', 2020, 18000.00, 'Blue', 18000, '3KPA24AD8LE317465', 'Sedan', 1500, 'Automatic', 11),
(30, 'Jeep', 'Cherokee', 2021, 35000.00, 'Silver', 12000, '1C4PJLLB2MD127731', 'SUV', 3200, 'Automatic', 12),
(31, 'Toyota', 'Rav4', 2022, 32000.00, 'Green', 8000, '2T3RFREV0JW586414', 'SUV', 2500, 'Automatic', 13),
(32, 'Mazda', 'CX-5', 2020, 28000.00, 'Red', 15000, 'JM3KFACXXK1518195', 'SUV', 2500, 'Automatic', 14),
(33, 'BMW', 'X3', 2021, 42000.00, 'White', 7000, '5UXCR6C51L9B59987', 'SUV', 3000, 'Automatic', 15),
(34, 'Audi', 'Q5', 2022, 45000.00, 'Black', 5000, 'WA1E2AFY6N2123456', 'SUV', 2500, 'Automatic', 16),
(35, 'Tesla', 'Model Y', 2022, 55000.00, 'Blue', 2000, '5YJYGDEE9MF123456', 'SUV', 3000, 'Automatic', 17),
(36, 'Chevrolet', 'Equinox', 2021, 30000.00, 'Gray', 10000, '2GNAXUEV8M6100000', 'SUV', 2500, 'Automatic', 18),
(37, 'GMC', 'Terrain', 2020, 32000.00, 'Silver', 12000, '3GKALPEV6LL100000', 'SUV', 2000, 'Automatic', 19),
(38, 'Mercedes-Benz', 'GLE', 2022, 65000.00, 'Black', 5000, '4JGDA5HB7HA123456', 'SUV', 3000, 'Automatic', 20),
(39, 'Lexus', 'RX', 2021, 55000.00, 'White', 7000, '2T2HZMDA9MC000000', 'SUV', 3500, 'Automatic', 21),
(40, 'Volvo', 'XC60', 2022, 48000.00, 'Red', 4000, 'LYV102RK6NB123456', 'SUV', 2500, 'Automatic', 22),
(41, 'Jaguar', 'F-Pace', 2022, 60000.00, 'Blue', 3000, 'SALRR2RVXN2000000', 'SUV', 3000, 'Automatic', 23),
(42, 'Land Rover', 'Discovery', 2021, 75000.00, 'Black', 10000, 'SALRR2RVXJ2012345', 'SUV', 3000, 'Automatic', 24),
(43, 'Toyota', 'Land Cruiser', 2022, 85000.00, 'White', 5000, 'JTMCY7AJ3N4134567', 'SUV', 4700, 'Automatic', 25),
(44, 'Nissan', 'Patrol', 2021, 80000.00, 'Silver', 3000, 'JTEBU5JR1N5833333', 'SUV', 5600, 'Automatic', 26),
(45, 'Ford', 'Expedition', 2022, 70000.00, 'Black', 4000, '1FMJU1JT2NEA56789', 'SUV', 3500, 'Automatic', 27),
(46, 'Chevrolet', 'Suburban', 2022, 75000.00, 'Gray', 5000, '1GNSKJKC3NR123456', 'SUV', 5300, 'Automatic', 28),
(47, 'GMC', 'Yukon', 2021, 78000.00, 'Red', 7000, '1GKS2DKLXMR123456', 'SUV', 5300, 'Automatic', 29),
(48, 'Cadillac', 'Escalade', 2022, 85000.00, 'Black', 5000, '1GYS3DKL5MR123456', 'SUV', 6200, 'Automatic', 30),
(49, 'Lincoln', 'Navigator', 2022, 90000.00, 'White', 6000, '5LMJJ3LT4NEA12345', 'SUV', 5700, 'Automatic', 31),
(50, 'Infiniti', 'QX80', 2021, 80000.00, 'Blue', 5000, 'JN8AZ2NE1M9700000', 'SUV', 5600, 'Automatic', 32);


INSERT INTO Inventory (InventoryID, BranchID, VehicleID, Quantity, DateReceived, Notes, SupplierID)
VALUES
    (1, 1, 23, 5, '2023-12-15', 'New stock arrived', 1),
    (2, 2, 13, 3, '2024-01-16', 'Limited stock available', 1),
     (3, 3, 14, 2, '2024-02-10', 'New model added', 1),
    (4, 4, 12, 4, '2024-03-05', 'Limited edition variant', 2),
    (5, 5, 15, 3, '2024-04-01', 'Special promotion stock', 3),
    (6, 6, 10, 2, '2024-04-10', 'End of season sale stock', 4),
    (7, 7, 11, 1, '2024-05-15', 'Last piece available', 5),
    (8, 8, 16, 5, '2024-06-20', 'Brand new arrival', 6),
    (9, 9, 17, 3, '2024-07-12', 'Limited time offer', 7),
    (10, 10, 18, 2, '2024-08-08', 'Exclusive discount', 8),
    (11, 11, 19, 4, '2024-09-25', 'Holiday season sale', 9),
    (12, 12, 20, 3, '2024-10-18', 'New color variant', 10),
    (13, 13, 21, 1, '2024-11-30', 'Year-end clearance', 11),
    (14, 14, 22, 5, '2024-12-20', 'Limited stock remaining', 12),
    (15, 15, 23, 2, '2025-01-05', 'Special order fulfillment', 13),
    (16, 16, 24, 3, '2025-02-08', 'Model year end stock', 14),
    (17, 17, 25, 4, '2025-03-12', 'New dealership partnership', 15),
    (18, 18, 26, 2, '2025-04-15', 'Special financing available', 16),
    (19, 19, 27, 1, '2025-05-20', 'Test drive available', 17),
    (20, 20, 28, 3, '2025-06-22', 'Factory rebate program', 18),
    (21, 21, 29, 4, '2025-07-25', 'Limited edition model', 19),
    (22, 22, 30, 2, '2025-08-30', 'Customer loyalty discount', 20),
    (23, 23, 31, 1, '2025-09-10', 'New safety features added', 21),
    (24, 24, 32, 3, '2025-10-05', 'Extended warranty available', 22),
    (25, 25, 33, 5, '2025-11-15', 'Enhanced entertainment system', 23),
    (26, 26, 34, 2, '2025-12-20', 'Smartphone integration', 24),
    (27, 27, 35, 4, '2026-01-25', 'Voice-controlled navigation', 25),
    (28, 28, 36, 3, '2026-02-28', 'Advanced driver assistance', 26),
    (29, 29, 37, 2, '2026-03-15', 'Eco-friendly hybrid technology', 27),
    (30, 30, 38, 1, '2026-04-10', 'Premium sound system', 28),
    (31, 31, 39, 3, '2026-05-05', 'Luxurious interior design', 29),
    (32, 32, 40, 4, '2026-06-20', 'Sporty exterior styling', 30),
    (33, 33, 41, 2, '2026-07-22', 'High-performance engine', 31),
    (34, 34, 42, 1, '2026-08-18', 'Off-road capabilities', 32),
    (35, 35, 43, 5, '2026-09-30', 'Spacious cabin', 33),
    (36, 36, 44, 3, '2026-10-25', 'Advanced safety features', 34),
    (37, 37, 45, 4, '2026-11-15', 'Family-friendly design', 35),
    (38, 38, 46, 2, '2026-12-20', 'Cargo versatility', 36),
    (39, 39, 47, 1, '2027-01-10', 'Luxury amenities', 37),
    (40, 40, 48, 3, '2027-02-05', 'Customization options', 38),
    (41, 41, 49, 4, '2027-03-20', 'High-tech features', 39),
    (42, 42, 50, 2, '2027-04-15', 'Exclusive performance tuning', 40);

INSERT INTO Sales (SaleID, VehicleID, CustomerID, EmployeeID, SaleDate, SalePrice)
VALUES
    (1, 1, 1, 102, '2024-04-18', 16000.00),
    (2, 2, 2, 103, '2024-04-19', 18000.00),
    (3, 3, 3, 104, '2024-04-20', 35000.00),
    (4, 4, 4, 105, '2024-04-21', 38000.00),
    (5, 5, 5, 106, '2024-04-22', 18000.00),
    (6, 6, 6, 107, '2024-04-23', 23000.00),
    (7, 7, 7, 108, '2024-04-24', 28000.00),
    (8, 8, 8, 109, '2024-04-25', 36000.00),
    (9, 9, 9, 110, '2024-04-26', 45000.00),
    (10, 10, 10, 111, '2024-04-27', 16000.00),
    (11, 11, 11, 112, '2024-04-28', 27000.00),
    (12, 12, 12, 113, '2024-04-29', 35000.00),
    (13, 13, 13, 114, '2024-04-30', 42000.00),
    (14, 14, 14, 115, '2024-05-01', 45000.00),
    (15, 15, 15, 116, '2024-05-02', 22000.00),
    (16, 16, 16, 117, '2024-05-03', 60000.00),
    (17, 17, 17, 118, '2024-05-04', 80000.00),
    (18, 18, 18, 119, '2024-05-05', 40000.00),
    (19, 19, 19, 120, '2024-05-06', 50000.00),
    (20, 20, 20, 121, '2024-05-07', 60000.00),
    (21, 21, 21, 122, '2024-05-08', 45000.00),
    (22, 22, 22, 123, '2024-05-09', 40000.00),
    (23, 23, 23, 124, '2024-05-10', 50000.00),
    (24, 24, 24, 125, '2024-05-11', 20000.00),
    (25, 25, 25, 126, '2024-05-12', 24000.00),
    (26, 26, 26, 127, '2024-05-13', 28000.00),
    (27, 27, 27, 128, '2024-05-14', 22000.00),
    (28, 28, 28, 129, '2024-05-15', 30000.00),
    (29, 29, 29, 130, '2024-05-16', 18000.00),
    (30, 30, 30, 131, '2024-05-17', 35000.00),
    (31, 31, 31, 132, '2024-05-18', 32000.00),
    (32, 32, 32, 133, '2024-05-19', 28000.00),
    (33, 33, 33, 134, '2024-05-20', 42000.00),
    (34, 34, 34, 135, '2024-05-21', 45000.00),
    (35, 35, 35, 136, '2024-05-22', 55000.00),
    (36, 36, 36, 137, '2024-05-23', 30000.00),
    (37, 37, 37, 138, '2024-05-24', 32000.00),
    (38, 38, 38, 139, '2024-05-25', 65000.00),
    (39, 39, 39, 140, '2024-05-26', 55000.00),
    (40, 40, 40, 141, '2024-05-27', 48000.00),
    (41, 41, 41, 142, '2024-05-28', 60000.00),
    (42, 42, 42, 143, '2024-05-29', 75000.00),
    (43, 43, 43, 144, '2024-05-30', 85000.00),
    (44, 44, 44, 145, '2024-06-01', 80000.00),
    (45, 45, 45, 146, '2024-06-02', 70000.00),
    (46, 46, 46, 147, '2024-06-03', 75000.00),
    (47, 47, 47, 148, '2024-06-04', 78000.00),
    (48, 48, 48, 149, '2024-06-05', 85000.00),
    (49, 49, 49, 150, '2024-06-06', 90000.00),
    (50, 50, 50, 151, '2024-06-07', 80000.00);

INSERT INTO Insurance (InsuranceID, PolicyNumber, VehicleID, InsuranceCompany, CoverageDetails, ExpirationDate)
VALUES
    (1, '123456789', 1, 'InsuranceCo', 'Full coverage', '2025-04-18'),
    (2, '987654321', 2, 'InsuranceCo', 'Comprehensive', '2025-04-19'),
    (3, '9876543210', 5, 'ABC Insurance', 'Full coverage', '2025-06-30'),
    (4, '1234567890', 6, 'XYZ Insurance', 'Liability', '2025-07-15'),
    (5, '0987654321', 7, 'DEF Insurance', 'Collision', '2025-08-20'),
    (6, '5678901234', 8, 'GHI Insurance', 'Comprehensive', '2025-09-25'),
    (7, '2345678901', 9, 'JKL Insurance', 'Full coverage', '2025-10-30'),
    (8, '6789012345', 10, 'MNO Insurance', 'Liability', '2025-11-15'),
    (9, '3456789012', 11, 'PQR Insurance', 'Collision', '2025-12-20'),
    (10, '7890123456', 12, 'STU Insurance', 'Comprehensive', '2026-01-25'),
    (11, '4567890123', 13, 'VWX Insurance', 'Full coverage', '2026-02-28'),
    (12, '8901234567', 14, 'YZA Insurance', 'Liability', '2026-03-15'),
    (13, '5678901234', 15, 'BCD Insurance', 'Collision', '2026-04-20'),
    (14, '9012345678', 16, 'CDE Insurance', 'Comprehensive', '2026-05-25'),
    (15, '6789012345', 17, 'EFG Insurance', 'Full coverage', '2026-06-30'),
    (16, '1234567890', 18, 'GHI Insurance', 'Liability', '2026-07-15'),
    (17, '8901234567', 19, 'JKL Insurance', 'Collision', '2026-08-20'),
    (18, '2345678901', 20, 'MNO Insurance', 'Comprehensive', '2026-09-25'),
    (19, '9012345678', 21, 'PQR Insurance', 'Full coverage', '2026-10-30'),
    (20, '3456789012', 22, 'STU Insurance', 'Liability', '2026-11-15'),
    (21, '5678901234', 23, 'VWX Insurance', 'Collision', '2026-12-20'),
    (22, '7890123456', 24, 'YZA Insurance', 'Comprehensive', '2027-01-25'),
    (23, '9012345678', 25, 'BCD Insurance', 'Full coverage', '2027-02-28'),
    (24, '1234567890', 26, 'EFG Insurance', 'Liability', '2027-03-15'),
    (25, '3456789012', 27, 'GHI Insurance', 'Collision', '2027-04-20'),
    (26, '5678901234', 28, 'JKL Insurance', 'Comprehensive', '2027-05-25'),
    (27, '7890123456', 29, 'MNO Insurance', 'Full coverage', '2027-06-30'),
    (28, '9012345678', 30, 'PQR Insurance', 'Liability', '2027-07-15'),
    (29, '2345678901', 31, 'STU Insurance', 'Collision', '2027-08-20'),
    (30, '6789012345', 32, 'VWX Insurance', 'Comprehensive', '2027-09-25'),
    (31, '3456789012', 33, 'YZA Insurance', 'Full coverage', '2027-10-30'),
    (32, '5678901234', 34, 'BCD Insurance', 'Liability', '2027-11-15'),
    (33, '7890123456', 35, 'EFG Insurance', 'Collision', '2027-12-20'),
    (34, '9012345678', 36, 'GHI Insurance', 'Comprehensive', '2028-01-25'),
    (35, '1234567890', 37, 'JKL Insurance', 'Full coverage', '2028-02-28');


INSERT INTO Leasing (LeaseID, LeaseNumber, VehicleID, LesseeName, LeaseStartDate, LeaseEndDate, MonthlyPayment)
VALUES
    (1, 'A123', 3, 'Leasee1', '2024-04-18', '2025-04-18', 500.00),
    (2, 'B456', 3, 'Leasee2', '2024-04-19', '2025-04-19', 550.00),
    (3, '987654321', 7, 'ABC Insurance', 'Comprehensive coverage', '2025-05-15'),
    (4, '123456789', 8, 'XYZ Insurance', 'Liability coverage', '2025-06-20'),
    (5, '456789123', 9, 'InsuranceCo', 'Collision coverage', '2025-07-25'),
    (6, '789123456', 10, 'DEF Insurance', 'Full coverage', '2025-08-30'),
    (7, '987123654', 11, 'GHI Insurance', 'Comprehensive coverage', '2025-09-10'),
    (8, '321987654', 12, 'JKL Insurance', 'Liability coverage', '2025-10-12'),
    (9, '654789321', 13, 'MNO Insurance', 'Collision coverage', '2025-11-15'),
    (10, '789654123', 14, 'PQR Insurance', 'Full coverage', '2025-12-20'),
    (11, '654789321', 15, 'STU Insurance', 'Collision coverage', '2025-11-15'),
    (12, '789654123', 16, 'VWX Insurance', 'Full coverage', '2025-12-20'),
    (13, '135792468', 15, 'ABC Insurance', 'Comprehensive coverage', '2025-05-15'),
    (14, '246813579', 16, 'XYZ Insurance', 'Liability coverage', '2025-06-20'),
    (15, '357924681', 17, 'InsuranceCo', 'Collision coverage', '2025-07-25'),
    (16, '468135792', 18, 'DEF Insurance', 'Full coverage', '2025-08-30'),
    (17, '579246813', 19, 'GHI Insurance', 'Comprehensive coverage', '2025-09-10'),
    (18, '681357924', 20, 'JKL Insurance', 'Liability coverage', '2025-10-12'),
    (19, '792468135', 21, 'MNO Insurance', 'Collision coverage', '2025-11-15'),
    (20, '813579246', 22, 'PQR Insurance', 'Full coverage', '2025-12-20'),
    (21, '924681357', 23, 'STU Insurance', 'Comprehensive coverage', '2025-05-15'),
    (22, '135792468', 24, 'VWX Insurance', 'Liability coverage', '2025-06-20'),
    (23, '246813579', 25, 'YZA Insurance', 'Collision coverage', '2025-07-25'),
    (24, '357924681', 26, 'ZAB Insurance', 'Full coverage', '2025-08-30'),
    (25, '468135792', 27, 'ABC Insurance', 'Comprehensive coverage', '2025-09-10'),
    (26, '579246813', 28, 'XYZ Insurance', 'Liability coverage', '2025-10-12'),
    (27, '681357924', 29, 'InsuranceCo', 'Collision coverage', '2025-11-15'),
    (28, '792468135', 30, 'DEF Insurance', 'Full coverage', '2025-12-20'),
    (29, '813579246', 31, 'GHI Insurance', 'Comprehensive coverage', '2025-05-15'),
    (30, '924681357', 32, 'JKL Insurance', 'Liability coverage', '2025-06-20');
    